Config,Train Loss,Train Accuracy,Validation Loss,Validation Accuracy
Epoch:200-LR:0.1,0.7543984275460243,3659697.5,0.5731989841096649,78.04097900390624
